{
  "project_info": {
    "project_number": "1039322888489",
    "project_id": "praktikum-12-72130",
    "storage_bucket": "praktikum-12-72130.appspot.com"
  },
  "client": [
    {
      "client_info": {
        "mobilesdk_app_id": "1:1039322888489:android:edcc8870fd489d54e49f38",
        "android_client_info": {
          "package_name": "com.example.aplikasifirebase"
        }
      },
      "oauth_client": [
        {
          "client_id": "1039322888489-0e98rmqnmoc41j1e5m3n6trsa2ir9g9c.apps.googleusercontent.com",
          "client_type": 3
        }
      ],
      "api_key": [
        {
          "current_key": "AIzaSyDf7Iz67rLkNUzKZgQvxkRGgOypuxR1BO8"
        }
      ],
      "services": {
        "appinvite_service": {
          "other_platform_oauth_client": [
            {
              "client_id": "1039322888489-0e98rmqnmoc41j1e5m3n6trsa2ir9g9c.apps.googleusercontent.com",
              "client_type": 3
            }
          ]
        }
      }
    }
  ],
  "configuration_version": "1"
}